{"ru_utime" : 0.039036, "ru_stime" : 0.004175, "ru_nvcsw" : 306, "ru_nivcsw" : 0, "realtime" : 0.536875}