{"ru_utime" : 0.000683, "ru_stime" : 0.000000, "ru_nvcsw" : 105, "ru_nivcsw" : 0, "realtime" : 0.000558}