{"ru_utime" : 0.000217, "ru_stime" : 0.000109, "ru_nvcsw" : 4, "ru_nivcsw" : 0, "realtime" : 0.000350}