{"ru_utime" : 0.000850, "ru_stime" : 0.001672, "ru_nvcsw" : 101, "ru_nivcsw" : 0, "realtime" : 0.502309}