{"ru_utime" : 0.000000, "ru_stime" : 0.000715, "ru_nvcsw" : 95, "ru_nivcsw" : 0, "realtime" : 0.000566}